stock_name,stock_code,current_price,price_source,fetched_at
금호타이어,073240,5090.0,naver_finance,2026-06-15 11:52:54 KST
대창솔루션,096350,2010.0,naver_finance,2026-06-15 11:52:56 KST
대한해운,005880,2080.0,naver_finance,2026-06-15 11:52:57 KST
에코플라스틱,038110,2320.0,naver_finance,2026-06-15 11:52:59 KST
태림포장,011280,2105.0,naver_finance,2026-06-15 11:53:00 KST
태웅,044490,33600.0,naver_finance,2026-06-15 11:53:01 KST
HANARO K휴머노이드테마TOP10,0155N0,10890.0,naver_finance,2026-06-15 11:53:03 KST
TIGER K방산&우주,463250,42015.0,naver_finance,2026-06-15 11:53:04 KST
컴퍼니케이,307930,7200.0,naver_finance,2026-06-15 11:53:05 KST
