순위,종목명,시장,섹터/분야,후보출처,현재가,점수,진입판정,전략요약
1,ACE 미국우주테크액티브,KOSPI/KOSDAQ,금융,NAVER,27350,100,조건 확인 후 진입,"익절 +3% / +5% / +10%
(70%) / (20%) / (10%) / 손절 -2% / -4% / -6%
(80%) / (10%) / (10%)"
2,KODEX 건설,KOSPI/KOSDAQ,AI/소프트웨어,NAVER,8280,88,조건 확인 후 진입,"익절 +3% / +5% / +10%
(70%) / (20%) / (10%) / 손절 -2% / -4% / -6%
(80%) / (10%) / (10%)"
3,TIGER 200 건설,KOSPI/KOSDAQ,AI/소프트웨어,NAVER,9790,84,조건 확인 후 진입,"익절 +3% / +5% / +10%
(70%) / (20%) / (10%) / 손절 -2% / -4% / -6%
(80%) / (10%) / (10%)"
4,후성,KOSPI/KOSDAQ,화학,NAVER,19890,83,조건 확인 후 진입,"익절 +5% / +10% / +30%
(60%) / (30%) / (10%) / 손절 -2% / -4% / -6%
(80%) / (10%) / (10%)"
5,희림,KOSPI/KOSDAQ,건축/엔지니어링,NAVER,5420,82,조건 확인 후 진입,"익절 +3% / +5% / +10%
(70%) / (20%) / (10%) / 손절 -5% / -10% / -15%
(50%) / (30%) / (20%)"
6,한화생명,KOSPI/KOSDAQ,보험,NAVER,5460,82,조건 확인 후 진입,"익절 +3% / +5% / +10%
(70%) / (20%) / (10%) / 손절 -2% / -4% / -6%
(80%) / (10%) / (10%)"
7,SOL 반도체전공정,KOSPI/KOSDAQ,반도체,NAVER,28475,80,조건 확인 후 진입,"익절 +3% / +5% / +10%
(70%) / (20%) / (10%) / 손절 -2% / -4% / -6%
(80%) / (10%) / (10%)"
8,대한항공,KOSPI/KOSDAQ,항공운송,NAVER,29450,76,조건 확인 후 진입,"익절 +3% / +5% / +10%
(70%) / (20%) / (10%) / 손절 -2% / -4% / -6%
(80%) / (10%) / (10%)"
