category,query,title,description,link,pubDate,api_state,checked_at,publisher,published_at,news_quality_score,news_quality_reason
news,코스피,[밸류업 금융] KB금융 사상 첫 외국인 지분율 80% 돌파…외국인 홀린 '주...,자사주 소각 등으로 상장주식수 감소 외인 코스피 이탈에도 금융주 순매수 금융주 '코리아 디스카운트... 같은 기간 코스피 시장에서 외국인들이 21조원어치 넘게 순매도한 것과 대조적인 모습이다. 과거 금융주는...,https://www.asiatime.co.kr/article/20260616500204,"Tue, 16 Jun 2026 12:18:00 +0900",ok,2026-06-16 12:25:08 KST,asiatime,2026-06-16,35,"fresh_3d,fundamental_bonus:2"
news,코스피,미-이란 종전 MOU 미리 전자서명…호르무즈 통행료·동결 자금 등 합의에...,윤지원 박시동 경제평론가 #MBN #프레스룸LIVE #프레스룸라이브 #미국 #이란 #트럼프 #종전 #MOU #호르무즈 #해협 #통행료 #동결자금 #핵 #재건기금 #기뢰 #항공 #건설 #해운 #유가 #코스피 #증시,https://n.news.naver.com/mnews/article/057/0001954087?sid=102,"Tue, 16 Jun 2026 12:16:00 +0900",ok,2026-06-16 12:25:08 KST,naver,2026-06-16,5,fresh_3d
news,코스피,[종전 합의] 종전에 위험자산 랠리…채권·환율은 '물가'가 변수,"16일 연합인포맥스 세계주가지수(화면번호 6511)에 따르면 전일 한국 증시에서 코스피는 5% 이상 뛰었으며, 일본의 닛케이225도 장중 사상 최고치를 새로 썼다. 그밖에 대만, 인도 증시가 동반 상승했고 비트코인 등...",https://news.einfomax.co.kr/news/articleView.html?idxno=4420213,"Tue, 16 Jun 2026 12:12:00 +0900",ok,2026-06-16 12:25:08 KST,einfomax,2026-06-16,5,fresh_3d
news,코스피,75조 팔던 외국인 돌아왔다…삼성전자·SK하이닉스 쓸어담아,이달 초 8800선을 넘어섰던 코스피는 금리 인상 우려와 미국발 AI 반도체 급락 쇼크로 지난 8일 7400선까지 밀렸다. 이후 증시 변동성이 크게 확대되면서 이날까지 7거래일 연속 코스피 매수·매도 사이드카가 발동됐다....,https://www.thepublic.kr/news/articleView.html?idxno=307809,"Tue, 16 Jun 2026 12:10:00 +0900",ok,2026-06-16 12:25:08 KST,thepublic,2026-06-16,5,fresh_3d
news,코스피,LG엔솔 등 2차전지주 '장중 뚝'...회복 시그널은?,"미-이란 종전 협상 마무리 속에 코스피 지수는 장중 강세를 이어가고 있지만 2차전지주 투심은 좀처럼... 한편 이날 증시에서 오전 11시 50분 현재 코스피 지수는 전일 대비 1.52% 상승한 8679.17, 코스닥 지수는 1.39...",http://www.choicenews.co.kr/news/articleView.html?idxno=166648,"Tue, 16 Jun 2026 12:08:00 +0900",ok,2026-06-16 12:25:08 KST,choicenews,2026-06-16,0,"fresh_3d,low_value_price_words:1"
news,코스닥,"""동국대BMC, 고양서 5년내 코스닥 상장사 배출할 것""","올해 코스닥에 신규 상장 기업의 약 40% 이상이 바이오 기업인데, 그 핵심 기술 속을 들여다보면 다 AI가... 우리 사업단이 보육하고 기술을 지원한 기업 중에서 5년내에 코스닥 상장 기업(IPO)을 최소 1개 이상 배출하는...",http://www.mygoyang.com/news/articleView.html?idxno=89097,"Tue, 16 Jun 2026 12:18:00 +0900",ok,2026-06-16 12:25:09 KST,mygoyang,2026-06-16,20,"fresh_3d,fundamental_bonus:1"
news,코스닥,상장은 시작일 뿐…알지노믹스 무상증자가 보여준 바이오의 새 과제,"알지노믹스는 지난해 12월 코스닥 시장에 입성하며 바이오 IPO 시장의 대표 흥행 사례로 기록됐다. 기관 수요예측에는 2,229개 기관이 참여해 848.9대 1의 경쟁률을 기록했고, 일반청약 경쟁률은 1,871.4대 1에 달했다....",https://www.biotimes.co.kr/news/articleView.html?idxno=32438,"Tue, 16 Jun 2026 12:16:00 +0900",ok,2026-06-16 12:25:09 KST,biotimes,2026-06-16,35,"fresh_3d,fundamental_bonus:2"
news,코스닥,LG엔솔 등 2차전지주 '장중 뚝'...회복 시그널은?,"한편 이날 증시에서 오전 11시 50분 현재 코스피 지수는 전일 대비 1.52% 상승한 8679.17, 코스닥 지수는 1.39% 하락한 1019.65에서 각각 움직이는 중이다. 초이스경제는 그러나 ""이 기사는 단순한 참고용 자료로만 활용되길...",http://www.choicenews.co.kr/news/articleView.html?idxno=166648,"Tue, 16 Jun 2026 12:08:00 +0900",ok,2026-06-16 12:25:09 KST,choicenews,2026-06-16,0,"fresh_3d,low_value_price_words:1"
news,코스닥,"아나패스, 엔비디아 차세대 AI PC 플랫폼 'N1X' 호환성 검증",코스닥 상장 반도체 팹리스 기업 아나패스가 엔비디아(NVIDIA)의 차세대 AI PC 프로세서 플랫폼에 자사 핵심 타이밍 컨트롤러(TCON) 솔루션 공급을 위한 발판을 마련했다. 아나패스는 엔비디아가 최근 공개한 ARM 기반...,https://www.sentv.co.kr/article/view/sentv202606160067,"Tue, 16 Jun 2026 12:04:00 +0900",ok,2026-06-16 12:25:09 KST,sentv,2026-06-16,35,"fresh_3d,fundamental_bonus:2"
news,코스닥,주식시장으로 몰리는 돈…가계 통화량 늘고 CMA·ETF 급증,"지난 4월 27일 국내 증시(코스피, 코스닥, 코넥스) 시가총액은 사상 처음으로 6000조원을 넘어섰다. 당시 코스피지수는 사상 처음으로 종가 기준 6600선을 돌파했다. (사진= 연합뉴스) 가계 통화량 7조 증가…CMA·ETF로...",https://n.news.naver.com/mnews/article/018/0006307423?sid=101,"Tue, 16 Jun 2026 12:04:00 +0900",ok,2026-06-16 12:25:09 KST,naver,2026-06-16,5,fresh_3d
news,국내증시,한국 증시 오른 틈에 외국인 '팔자'…지난달 주식자금 역대 최대 유출,시장에서는 외국인의 주식 매도가 국내 증시에 대한 부정적 시각만을 의미하는 것은 아니라는 분석도 나온다. 주가 급등에 따른 포트폴리오 조정과 차익실현 성격이 강한 데다 채권시장에는 오히려 자금이 들어왔기...,https://www.thepublic.kr/news/articleView.html?idxno=307827,"Tue, 16 Jun 2026 12:10:00 +0900",ok,2026-06-16 12:25:10 KST,thepublic,2026-06-16,0,"fresh_3d,low_value_price_words:1"
news,국내증시,"한성숙 총리 후보자, 불법 증축·다주택 논란 확산…여야 공방 격화","국민의힘은 정부가 국내 증시 활성화를 강조하는 상황에서 고위 공직자가 대규모 해외 주식을 보유해 온 점을 문제 삼았다. 최보윤 국민의힘 수석대변인은 논평을 통해 ""후보자의 자산 운용 방식과 정부 정책 간 정합성을...",https://www.thepublic.kr/news/articleView.html?idxno=307801,"Tue, 16 Jun 2026 12:10:00 +0900",ok,2026-06-16 12:25:10 KST,thepublic,2026-06-16,20,"fresh_3d,fundamental_bonus:1"
news,국내증시,주식시장으로 몰리는 돈…가계 통화량 늘고 CMA·ETF 급증,"지난 4월 27일 국내 증시(코스피, 코스닥, 코넥스) 시가총액은 사상 처음으로 6000조원을 넘어섰다. 당시 코스피지수는 사상 처음으로 종가 기준 6600선을 돌파했다. (사진= 연합뉴스) 가계 통화량 7조 증가…CMA·ETF로...",https://n.news.naver.com/mnews/article/018/0006307423?sid=101,"Tue, 16 Jun 2026 12:04:00 +0900",ok,2026-06-16 12:25:10 KST,naver,2026-06-16,5,fresh_3d
news,국내증시,휴전發 유가 급락에 코스피 상승 출발… 장중 8700선 회복,"특히 원유 수입 의존도가 높은 한국은 유가 상승이 무역수지와 환율, 기업 생산비용에 부담을 주는 만큼 국제유가 하락은 국내 증시에 더 강한 호재로 받아들여졌다는 분석이다. 간밤 미국 증시에서 반도체주가...",https://it.chosun.com/news/articleView.html?idxno=2023092163944,"Tue, 16 Jun 2026 12:00:00 +0900",ok,2026-06-16 12:25:10 KST,조선일보,2026-06-16,-10,"fresh_3d,low_value_price_words:3"
news,국내증시,"코스피 1만고지 보인다…""반도체가 끌고 정책이 민다""",여기에 세 차례에 걸친 상법 개정 등 주주친화 정책이 가시화하면서 국내 증시의 저평가 현상이 완화될 것이라는 기대감이 퍼졌다. 상승 흐름이 계속되려면 수익 안정성과 제도적 지속성이 뒷받침돼야 한다는...,https://n.news.naver.com/mnews/article/277/0005777008?sid=101,"Tue, 16 Jun 2026 11:40:00 +0900",ok,2026-06-16 12:25:10 KST,naver,2026-06-16,0,"fresh_3d,low_value_price_words:1"
news,주식시장,"한국은행 제주본부, 26일 '주식시장 동향' 강좌 개최","이번 한은강좌에서는 글로벌 금융시장 분석 전문가인 서상영 미래에셋증권 상무가 '최근 주식 시장 동향과 주요 이슈'를 주제로 강연한다. 서상영 상무는 주요 언론 인터뷰와 경제 포럼, 온라인 채널 등을 통해 국내외...",https://www.headlinejeju.co.kr/news/articleView.html?idxno=594534,"Tue, 16 Jun 2026 12:16:00 +0900",ok,2026-06-16 12:25:11 KST,headlinejeju,2026-06-16,5,fresh_3d
news,주식시장,[종전 합의] 종전에 위험자산 랠리…채권·환율은 '물가'가 변수,"◇ 증시, 유가 하락 기대감에 급등…기술주 랠리 종전 효과가 가장 직접적으로 나타나는 곳은 주식 시장이다. 유가 하락 기대감에 가계 실질소득 증가와 기업 비용 절감으로 이어져 위험자산 투자 심리를 개선하는...",https://news.einfomax.co.kr/news/articleView.html?idxno=4420213,"Tue, 16 Jun 2026 12:12:00 +0900",ok,2026-06-16 12:25:11 KST,einfomax,2026-06-16,20,"fresh_3d,fundamental_bonus:1"
news,주식시장,한국 증시 오른 틈에 외국인 '팔자'…지난달 주식자금 역대 최대 유출,외국인 투자자들이 지난달 국내 주가 상승에 따른 차익실현에 나서면서 한국 주식시장에서 역대 가장 많은 자금을 빼갔다. 채권시장에는 자금이 유입됐지만 주식 매도 규모가 더 커 외국인 증권자금은 넉 달 연속...,https://www.thepublic.kr/news/articleView.html?idxno=307827,"Tue, 16 Jun 2026 12:10:00 +0900",ok,2026-06-16 12:25:11 KST,thepublic,2026-06-16,20,"fresh_3d,fundamental_bonus:1"
news,주식시장,돈 풀면서 집값 잡겠다?… 시중자금은 돌고 돌아 부동산,정부가 국민성장펀드 출범 등을 통해 주식시장으로 엄청난 유동성을 공급하면서 다른 한편으로는 서울 집값을 잡겠다고 하는 것이 현실 속에서는 구현되기 어렵다는 얘기다. 주택 취득 자금조달계획서는 주택을 살 때...,https://n.news.naver.com/mnews/article/021/0002798084?sid=101,"Tue, 16 Jun 2026 12:05:00 +0900",ok,2026-06-16 12:25:11 KST,naver,2026-06-16,20,"fresh_3d,fundamental_bonus:1"
news,주식시장,주식시장으로 몰리는 돈…가계 통화량 늘고 CMA·ETF 급증,"지난 4월 가계와 기업의 통화량이 동반 상승한 가운데, 주식시장으로 향하는 투자 대기 자금과 상장지수펀드(ETF)를 포함한 수익증권의 급증했다. 지난 4월 27일 국내 증시(코스피, 코스닥, 코넥스) 시가총액은...",https://n.news.naver.com/mnews/article/018/0006307423?sid=101,"Tue, 16 Jun 2026 12:04:00 +0900",ok,2026-06-16 12:25:11 KST,naver,2026-06-16,35,"fresh_3d,fundamental_bonus:2"
news,"""금호타이어"" 실적",호르무즈 재개방 임박…업종별 온도차,합성고무 등 유가 연동 원재료를 대량 사용하는 한국타이어·금호타이어 등 타이어업계도 원재료비 절감... 국제유가가 내리면 높은 가격에 확보한 재고 가치가 하락하는 역래깅 효과가 나타날 수 있어 2분기 실적에 부담...,https://n.news.naver.com/mnews/article/277/0005776716?sid=101,"Tue, 16 Jun 2026 07:49:00 +0900",ok,2026-06-16 12:25:11 KST,naver,2026-06-16,20,"fresh_3d,fundamental_bonus:1"
news,"""금호타이어"" 실적",[美-이란 종전 합의]유가·환율 안정에 산업계 '숨통' 기대,한국타이어·금호타이어 역시 원재료비 절감 대표 수혜 업종으로 꼽힌다. 유류비 비중이 높은 대한항공·아시아나항공 또한 유가 10% 하락 시 연간 수백억원 비용 절감이 가능해지며 실적 개선이 가능할 전망이다....,https://n.news.naver.com/mnews/article/030/0003437698?sid=101,"Mon, 15 Jun 2026 14:16:00 +0900",ok,2026-06-16 12:25:11 KST,naver,2026-06-15,20,"fresh_3d,fundamental_bonus:1"
news,"""금호타이어"" 실적",[CEO와칭] 위기에 빛난 정일택 리더십…적자 딛고 10분기 연속 매출 1조...,경기도 용인시에 위치한 금호타이어 중앙연구소 전경/금호타이어 ◆ 악재 뚫고 달성한 역대 최대 실적… '10분기 연속 매출 1조' 대기록 14일 금융감독원 전자공시시스템에 따르면 금호타이어는 2025년 연결 기준...,http://www.metroseoul.co.kr/article/20260614500151,"Sun, 14 Jun 2026 13:42:00 +0900",ok,2026-06-16 12:25:11 KST,metroseoul,2026-06-14,50,"fresh_3d,fundamental_bonus:3"
news,"""금호타이어"" 실적","'EU 관세 적용' 앞둔 한국·금호·넥센타이어, 하반기 실적 불안감",사진=한국타이어앤테크놀로지 제공  한국·금호·넥센타이어의 하반기 실적에 먹구름이 드리우고 있다. 이들 기업은 중국산 타이어에 대해 유럽연합(EU)의 고관세 적용을 앞뒀다. 최대 수출국인 유럽으로 향하는 제품...,https://daily.hankooki.com/news/articleView.html?idxno=1376156,"Sun, 14 Jun 2026 08:00:00 +0900",ok,2026-06-16 12:25:11 KST,hankooki,2026-06-14,35,"fresh_3d,fundamental_bonus:2"
news,"""금호타이어"" 실적","中 겨냥한 유럽 고율 관세에 韓 타이어 ‘희비’… 한국은 느긋, 금호는...",타이어 업계 관계자는 “유럽이 중국산 타이어에 대한 고율 관세를 예정대로 부과하면 국내 업체들 간의 실적과 점유율 격차가 더욱 벌어질 것”이라며 “금호타이어와 넥센타이어는 한국타이어에 비해 자본력이...,https://n.news.naver.com/mnews/article/366/0001171306?sid=103,"Fri, 12 Jun 2026 09:59:00 +0900",ok,2026-06-16 12:25:11 KST,naver,2026-06-12,18,"fresh_14d,fundamental_bonus:1"
news,"""금호타이어"" 073240","금호타이어, 설비구매 협력사 간담회 실시…""ESG 협력 강화""",금호타이어(073240)는 지난 27일 광주 광산구 광주공장 본관에서 '2026년 글로벌 설비구매 협력사 간담회'를 실시했다고 28일 밝혔다. 행사에는 박은태 금호타이어 구매부문 상무를 비롯한 설비 구매 주요 협력사 대표...,https://n.news.naver.com/mnews/article/421/0008970312?sid=103,"Thu, 28 May 2026 09:57:00 +0900",ok,2026-06-16 12:25:12 KST,naver,2026-05-28,16,"fresh_45d,fundamental_bonus:1"
news,"""금호타이어"" 073240",금호타이어 후원팀 '2026 오네 슈퍼레이스' 최상위 클래스 1·3위,금호타이어(073240)는 후원 모터스포츠팀이 국내 최대 모터스포츠 '2026 오네(O-NE) 슈퍼레이스 챔피언십' 최상위 클래스 3라운드에서 1·3위를 차지했다고 26일 밝혔다. 지난 24일 전남 영암군 코리아인터내셔널서킷(KIC)...,https://n.news.naver.com/mnews/article/421/0008966106?sid=103,"Tue, 26 May 2026 13:00:00 +0900",ok,2026-06-16 12:25:12 KST,naver,2026-05-26,1,fresh_45d
news,"""금호타이어"" 073240","유럽 공들이는 금호타이어, 폴란드공장 구축 속도전",금호타이어(073240)가 유럽 내 첫 생산 거점인 폴란드 공장 건설에 속도를 높이기 위해 현지법인에 596억 원을 추가로 출자한다. 금호타이어는 연간 600만 본 규모의 폴란드 공장을 2028년 본격 가동할 계획이다. 17일...,https://n.news.naver.com/mnews/article/011/0004621639?sid=101,"Sun, 17 May 2026 17:43:00 +0900",ok,2026-06-16 12:25:12 KST,naver,2026-05-17,16,"fresh_45d,fundamental_bonus:1"
news,"""금호타이어"" 073240","금호타이어, 세계 최대 타이어展 'TTC 2026' 참가…'엑스타' 선봬",금호타이어(073240)가 내달 독일에서 열리는 글로벌 타이어 전시회 '더 타이어 쾰른(TTC) 2026'에 참가해 초고성능 타이어 브랜드 '엑스타'(ECSTA)의 기술력을 유럽 시장에 소개한다고 15일 밝혔다. TTC는 독일 쾰른에서...,https://n.news.naver.com/mnews/article/421/0008946766?sid=103,"Fri, 15 May 2026 11:42:00 +0900",ok,2026-06-16 12:25:12 KST,naver,2026-05-15,1,fresh_45d
news,"""금호타이어"" 073240","車 주가 부럽네…타이어 3사, 우호적 실적에도 저평가 이어지는 이유",15일 한국거래소에 따르면 한국타이어앤테크놀로지[161390](한국타이어)·금호타이어[073240]·넥센타이어[002350]의 주가는 지난해 말과 비슷한 수준이거나 그보다 낮은 가격에 이날 거래되고 있다. 그나마 한국타이어가...,https://news.einfomax.co.kr/news/articleView.html?idxno=4415030,"Fri, 15 May 2026 10:22:00 +0900",ok,2026-06-16 12:25:12 KST,einfomax,2026-05-15,16,"fresh_45d,fundamental_bonus:1"
news,"""금호타이어"" 공시",[CEO와칭] 위기에 빛난 정일택 리더십…적자 딛고 10분기 연속 매출 1조...,경기도 용인시에 위치한 금호타이어 중앙연구소 전경/금호타이어 ◆ 악재 뚫고 달성한 역대 최대 실적… '10분기 연속 매출 1조' 대기록 14일 금융감독원 전자공시시스템에 따르면 금호타이어는 2025년 연결 기준...,http://www.metroseoul.co.kr/article/20260614500151,"Sun, 14 Jun 2026 13:42:00 +0900",ok,2026-06-16 12:25:13 KST,metroseoul,2026-06-14,50,"fresh_3d,fundamental_bonus:3"
news,"""금호타이어"" 공시",차 멈추기 전 타이어가 먼저 알린다···금호타이어의 '스마트 타이어...,공시로 본 연구개발 궤적 스마트 타이어는 금호타이어가 갑자기 꺼낸 카드가 아니다. 공시에는 몇 해 전부터 연구의 흔적이 남아 있다. 2022년에는 스마트 타이어 고도 정보 센싱 시스템과 노면 정보 인식 관련 연구가...,https://www.smartbizn.com/news/articleView.html?idxno=145974,"Fri, 12 Jun 2026 08:30:00 +0900",ok,2026-06-16 12:25:13 KST,smartbizn,2026-06-12,18,"fresh_14d,fundamental_bonus:1"
news,"""금호타이어"" 공시","다이나믹디자인, 금호타이어 ESG·정기평가 우수 협력사 선정","다이나믹디자인이 주요 고객사인 금호타이어로부터 ESG와 정기평가 부문 우수 협력사로 선정됐다.... 이어 ""지속가능경영은 단순한 평가 대응이 아니라 기업 경쟁력의 핵심 요소""라며 ""ESG 공시 체계 고도화와...",https://www.nbntv.kr/news/articleView.html?idxno=340217,"Fri, 29 May 2026 18:30:00 +0900",ok,2026-06-16 12:25:13 KST,nbntv,2026-05-29,16,"fresh_45d,fundamental_bonus:1"
news,"""금호타이어"" 공시","다이나믹디자인, 금호타이어 ESG·정기평가 우수 협력사 선정","그러면서 ""향후에도 ESG 공시 체계 고도화와 지속가능경영 활동 확대를 통해 주주, 고객사, 협력사 등 이해관계자와의 신뢰를 더욱 강화해나가겠다""고 덧붙였다. 한편 다이나믹디자인은 금호타이어의 주요 공급업체로서...",https://n.news.naver.com/mnews/article/003/0013976104?sid=101,"Fri, 29 May 2026 14:33:00 +0900",ok,2026-06-16 12:25:13 KST,naver,2026-05-29,31,"fresh_45d,fundamental_bonus:2"
news,"""금호타이어"" 공시","다이나믹디자인, 금호타이어 '2025 ESG·정기평가 우수 협력사' 선정","다이나믹디자인은 금호타이어로부터 '2025년 ESG 평가 우수 협력사'와 '정기평가 우수 협력사'로 선정돼 관련... 이어 ""지속가능경영을 기업 경쟁력의 중요한 요소로 보고 있다""며 ""ESG 공시 체계와 관련 활동을 지속 확대해...",https://www.newspim.com/news/view/20260529000843,"Fri, 29 May 2026 14:30:00 +0900",ok,2026-06-16 12:25:13 KST,뉴스핌,2026-05-29,19,"fresh_45d,fundamental_bonus:1,preferred_press"
news,"""금호타이어"" 수주",[美-이란 종전 합의]유가·환율 안정에 산업계 '숨통' 기대,낮은 수준에서 안정될 경우 장기적으로 비용 절감과 석유 수요 회복 효과를 누릴 수 있다. 납사를 원료로... 합성고무 등 유가 연동 원재료를 대량으로 쓰는 한국타이어·금호타이어 역시 원재료비 절감 대표 수혜...,https://n.news.naver.com/mnews/article/030/0003437698?sid=101,"Mon, 15 Jun 2026 14:16:00 +0900",ok,2026-06-16 12:25:14 KST,naver,2026-06-15,5,fresh_3d
news,"""금호타이어"" 수주","[브랜드평판] 현대모비스, 자동차부품 상장기업 6월 1위···한온시스템...",계양전기 ▲금호타이어 ▲화신 ▲모베이스전자 ▲에스엘 ▲성우하이텍 ▲명신산업 ▲DN오토모티브... 전기차·자율주행 전환 가속화와 글로벌 완성차 업체의 부품 수주 확대가 맞물리며 자동차부품 업계...,https://www.enetnews.co.kr/news/articleView.html?idxno=50927,"Tue, 09 Jun 2026 05:02:00 +0900",ok,2026-06-16 12:25:14 KST,enetnews,2026-06-09,33,"fresh_14d,fundamental_bonus:2"
news,"""금호타이어"" 수주","[지방선거, 정책 수혜 (부울경)] 해양·공항·조선·방산 중심으로 돈 흐...","여기에 현대자동차그룹, 현대제철, 한국타이어, 금호타이어 등 자동차·부품·소재 기업군도 친환경차, 수소... 조선업 수혜는 지방선거 공약보다 선박 발주, 방산·특수선 수주, 친환경 선박 전환, 인력 수급, 원가 구조에...",http://www.economytalk.kr/news/articleView.html?idxno=421747,"Sun, 07 Jun 2026 08:00:00 +0900",ok,2026-06-16 12:25:14 KST,economytalk,2026-06-07,18,"fresh_14d,fundamental_bonus:1"
news,"""금호타이어"" 수주","다이나믹디자인, 금호타이어 핵심 제품군 1순위 공급사 선정",다이나믹디자인은 금호타이어의 타이어 금형 공급사 선정 입찰에서 한국·중국·베트남 공장 핵심 제품군의... 회사는 한국·중국·유럽·인도네시아를 연결하는 글로벌 공급 체계를 바탕으로 수주 확대와 수익성 개선에...,http://www.paxetv.com/news/articleView.html?idxno=273994,"Fri, 05 Jun 2026 18:12:00 +0900",ok,2026-06-16 12:25:14 KST,paxetv,2026-06-05,48,"fresh_14d,fundamental_bonus:3"
news,"""금호타이어"" 수주","다이나믹디자인, 금호타이어 금형 입찰 1순위 선정…글로벌 공략 본격화",다이나믹디자인이 금호타이어의 타이어 금형 공급사 선정 입찰에서 주요 공장 핵심 제품군의 1순위... 다이나믹디자인은 수주확대를 뒷받침 하기 위한 선제적 투자도 단행했다. 지난 달 27일 인도네시아 법인에 약...,https://daily.hankooki.com/news/articleView.html?idxno=1373970,"Fri, 05 Jun 2026 16:14:00 +0900",ok,2026-06-16 12:25:14 KST,hankooki,2026-06-05,48,"fresh_14d,fundamental_bonus:3"
news,"""대창솔루션"" 실적","하부구조물부터 해저케이블까지… 풍력에너지 생태계, 증시 주도주 부상",구조물 지지용 특수 단조 부품을 납품하는 대창솔루션 역시 동반 상승세를 보이고 있다. 풍력 기어 및 하중... 강세가 단순한 정책 기대감을 넘어 글로벌 전력망 인프라 확충에 따른 실적 장세 초입 국면이라고 말했다.,https://www.pinpointnews.co.kr/news/articleView.html?idxno=460241,"Mon, 15 Jun 2026 15:30:00 +0900",ok,2026-06-16 12:25:15 KST,pinpointnews,2026-06-15,20,"fresh_3d,fundamental_bonus:1"
news,"""대창솔루션"" 실적","K-조선 LNG선 수주 릴레이…한화엔진, '이중연료 엔진' 앞세워 직접 수혜...",있으며 대창솔루션은 LNG 저장탱크 관련 사업 기대감에도 차익실현 매물이 출회되며 약세를 나타내고... 증권가에서는 LNG 관련 기업들의 실적 가시성이 높아지고 있다고 평가한다. 다만 단기 급등 종목의 경우...,https://www.pinpointnews.co.kr/news/articleView.html?idxno=460177,"Mon, 15 Jun 2026 13:26:00 +0900",ok,2026-06-16 12:25:15 KST,pinpointnews,2026-06-15,35,"fresh_3d,fundamental_bonus:2"
news,"""대창솔루션"" 실적","글로벌 선박 발주에 자주국방 바람까지…대양전기공업, 고부가 해양 시...",반면 대창솔루션은 차익실현 매물이 출회되며 하락세를 보이고 있다. 최근 상승폭이 컸던 데 따른 부담이 작용하는 것으로 풀이된다. 단순 조선주보다 기자재 기업들의 실적 레버리지 효과에 주목할 필요가 있다....,https://www.pinpointnews.co.kr/news/articleView.html?idxno=460111,"Mon, 15 Jun 2026 10:26:00 +0900",ok,2026-06-16 12:25:15 KST,pinpointnews,2026-06-15,20,"fresh_3d,fundamental_bonus:1"
news,"""대창솔루션"" 실적",수백조 블루오션 열린다... 원전 해체 시장 개막에 관련주 불기둥,"제조사인 대창솔루션이다. 한국거래소에 따르면 이날 오후 3시 19분 현재 대창솔루션은 8.01% 상승한 2,010원에... 오르비텍은 실적 기반을 공고히 다진다. 반면 원전 해체 업종 전반의 가파른 수급 유입 세 속에서도 일부 개별...",https://www.pinpointnews.co.kr/news/articleView.html?idxno=459732,"Fri, 12 Jun 2026 15:34:00 +0900",ok,2026-06-16 12:25:15 KST,pinpointnews,2026-06-12,20,"fresh_3d,fundamental_bonus:1"
news,"""대창솔루션"" 실적",AI 전력 수요 폭증에 원전주 부각…태광 한미글로벌 삼미금속 GS건설 대...,"기자재 공급망에서는 비엠티와 대창솔루션, 강원에너지, 성광벤드, 일진파워가 동반 강세를 나타낸다.... 등의 실적 성장 가능성이 주목받고 있다. SMR 시장이 본격 개화할 경우 기존 대형 원전 중심 기업뿐 아니라 부품...",https://www.pinpointnews.co.kr/news/articleView.html?idxno=459653,"Fri, 12 Jun 2026 10:58:00 +0900",ok,2026-06-16 12:25:15 KST,pinpointnews,2026-06-12,33,"fresh_14d,fundamental_bonus:2"
news,"""대창솔루션"" 096350",韓-베트남 원전 MOU 소식에 관련주 들썩…두에빌 52주 신고가[특징주],"같은 시각 우진(105840)(10.20%), 오르비텍(046120)(7.31%), 한전기술(052690)(5.54%), 대창솔루션(096350)(4.98%), 우리기술(032820)(4.54%), 비에이치아이(083650)(3.97%), 한전KPS(051600)(3.29%) 등 원전 관련주가 동반 상승 중이다....",https://n.news.naver.com/mnews/article/018/0006264028?sid=101,"Thu, 23 Apr 2026 09:21:00 +0900",ok,2026-06-16 12:25:16 KST,naver,2026-04-23,-15,"old_45d_plus,low_value_price_words:1"
news,"""대창솔루션"" 096350","대창솔루션, 정기주총서 사외이사 2명 신규선임",주강제품 생산 기업 대창솔루션(096350)이 정기주주총회에서 사외이사 재선임과 신규선임 안건 등을 모두 가결했다고 31일 공시했다. 주주총회는 2026년3월31일 열렸다. 안건별로는 제49기 재무제표 및 연결재무제표...,https://www.digitaltoday.co.kr/news/articleView.html?idxno=650751,"Tue, 31 Mar 2026 18:56:00 +0900",ok,2026-06-16 12:25:16 KST,digitaltoday,2026-03-31,5,"old_45d_plus,fundamental_bonus:1"
news,"""대창솔루션"" 096350","대창솔루션,이창수 단독 대표 체제로 전환…김대성 대표이사 퇴임","대창솔루션(096350)은 3월 31일 공시를 통해 김대성 대표이사의 임기 만료로 이창수 단독 대표 체제로 변경됐다고 밝혔다. 김대성 대표이사는 임기 만료로 퇴임했으며, 이에 따라 이창수 대표가 단독으로 회사를...",https://www.digitaltoday.co.kr/news/articleView.html?idxno=650737,"Tue, 31 Mar 2026 18:46:00 +0900",ok,2026-06-16 12:25:16 KST,digitaltoday,2026-03-31,5,"old_45d_plus,fundamental_bonus:1"
news,"""대창솔루션"" 096350","대창솔루션, 이창수 단독대표 체제로 변경",대창솔루션(096350)은 김대성 대표의 임기만료에 따라 기존 김대성·이창수 공동대표 체제에서 이창수 단독대표 체제로 변경한다고 31일 공시했다.,https://n.news.naver.com/mnews/article/018/0006246460?sid=101,"Tue, 31 Mar 2026 15:02:00 +0900",ok,2026-06-16 12:25:16 KST,naver,2026-03-31,5,"old_45d_plus,fundamental_bonus:1"
news,"""대창솔루션"" 096350","거래소, 광전자·기가레인·우리넷 등 투자유의종목 71건 공시","▷15일간 상승종목 중 소수계좌 매수관여 과다 : HLB이노베이션(024850), 대성하이텍(129920), 대창솔루션(096350), 더코디(224060), 디케이티(290550), 삼일씨엔에스(004440), 세중(039310), 셀레믹스(331920), 쏘닉스...",http://www.newstnt.com/news/articleView.html?idxno=600172,"Wed, 25 Mar 2026 21:36:00 +0900",ok,2026-06-16 12:25:16 KST,newstnt,2026-03-25,20,"old_45d_plus,fundamental_bonus:2"
news,"""대창솔루션"" 공시",두산에너빌리티·우리기술·오르비텍 동반 강세…코스피·코스닥 매수 ...,대창솔루션 역시 1.42% 오른 1925원에 거래되며 상승 흐름에 동참했다. 시장에서는 원전 관련 기업들이... 투자 결정 전 관련 공시와 공식 자료를 반드시 확인하시기 바랍니다. 본지는 해당 정보에 대한 법적·재정적...,https://www.cbci.co.kr/news/articleView.html?idxno=580542,"Tue, 09 Jun 2026 09:42:00 +0900",ok,2026-06-16 12:25:17 KST,cbci,2026-06-09,33,"fresh_14d,fundamental_bonus:2"
news,"""대창솔루션"" 공시","[속보] 두산에너빌리티·한전기술 6~7%대 하락…국내 원전주, 8일 장 초...","87%), 대창솔루션(-4.69%), 모비스(-4.54%) 등도 일제히 약세 흐름을 보였다. 한편 한국거래소는 이날 오전 9시 3분 42초 코스피 시장에 1단계 서킷브레이커를 발동했다고 공시했다. 코스피는 8% 이상 약세를 보이기도...",https://www.cbci.co.kr/news/articleView.html?idxno=580240,"Mon, 08 Jun 2026 09:40:00 +0900",ok,2026-06-16 12:25:17 KST,cbci,2026-06-08,18,"fresh_14d,fundamental_bonus:1"
news,"""대창솔루션"" 공시",두산에너빌리티·비에이치아이·우리기술 흔들렸지만…원전주 조정 속에...,"이밖에 한전기술은 12만5200원으로 3.77%, 일진파워는 3.37%, 우진엔텍은 3.36%, 대창솔루션은 3.49% 각각... 주식 투자에 따른 손실은 투자자 본인의 책임이며, 투자 결정 전 관련 공시와 기업 실적, 시장 상황을 충분히...",https://www.cbci.co.kr/news/articleView.html?idxno=579720,"Fri, 05 Jun 2026 09:28:00 +0900",ok,2026-06-16 12:25:17 KST,cbci,2026-06-05,48,"fresh_14d,fundamental_bonus:3"
news,"""대창솔루션"" 공시",5월 6일 주식시장 주요공시,"59%) ▶대창솔루션, 2026년1분기 별도기준 매출액 145.37억원(전년동기대비 +107.79%), 영업이익 8.98억원... 2029-04-15) ▶씨엔알리서치, 공시불이행, 공시변경으로 불성실공시법인 지정 ▶고려아연...",https://www.catchnews.kr/news/articleView.html?idxno=123533,"Thu, 07 May 2026 08:44:00 +0900",ok,2026-06-16 12:25:17 KST,catchnews,2026-05-07,46,"fresh_45d,fundamental_bonus:3"
news,"""대창솔루션"" 공시","대창솔루션, 1분기 영업익 15억…흑자전환",대창솔루션은 1분기 연결기준 영업이익이 14억8200만원으로 전년동기대비 흑자전환했다고 6일 공시했다. 같은 기간 매출액은 212억4700만원으로 5.8% 증가한 것으로 잠정 집계됐다. 당기순이익 역시...,https://n.news.naver.com/mnews/article/016/0002639371?sid=101,"Wed, 06 May 2026 09:37:00 +0900",ok,2026-06-16 12:25:17 KST,naver,2026-05-06,46,"fresh_45d,fundamental_bonus:3"
news,"""대창솔루션"" 수주","하부구조물부터 해저케이블까지… 풍력에너지 생태계, 증시 주도주 부상",기업들의 수주 물량이 급증할 것이라는 기대감이 주가를 강력하게 견인하는 요인이다. 대규모 해상풍력 단지... 구조물 지지용 특수 단조 부품을 납품하는 대창솔루션 역시 동반 상승세를 보이고 있다. 풍력 기어 및 하중...,https://www.pinpointnews.co.kr/news/articleView.html?idxno=460241,"Mon, 15 Jun 2026 15:30:00 +0900",ok,2026-06-16 12:25:18 KST,pinpointnews,2026-06-15,20,"fresh_3d,fundamental_bonus:1"
news,"""대창솔루션"" 수주","K-조선 LNG선 수주 릴레이…한화엔진, '이중연료 엔진' 앞세워 직접 수혜...",조선업계의 LNG선 수주 증가가 이어질 경우 직접적인 수혜가 가능하다는 평가가 나온다. 국제해사기구(IMO)... 있으며 대창솔루션은 LNG 저장탱크 관련 사업 기대감에도 차익실현 매물이 출회되며 약세를 나타내고 있다....,https://www.pinpointnews.co.kr/news/articleView.html?idxno=460177,"Mon, 15 Jun 2026 13:26:00 +0900",ok,2026-06-16 12:25:18 KST,pinpointnews,2026-06-15,20,"fresh_3d,fundamental_bonus:1"
news,"""대창솔루션"" 수주","글로벌 선박 발주에 자주국방 바람까지…대양전기공업, 고부가 해양 시...",선박 건조 물량이 증가할 경우 기자재 업체들은 후행적으로 수주가 늘어나면서 수익성이 크게 개선되는... 반면 대창솔루션은 차익실현 매물이 출회되며 하락세를 보이고 있다. 최근 상승폭이 컸던 데 따른 부담이...,https://www.pinpointnews.co.kr/news/articleView.html?idxno=460111,"Mon, 15 Jun 2026 10:26:00 +0900",ok,2026-06-16 12:25:18 KST,pinpointnews,2026-06-15,20,"fresh_3d,fundamental_bonus:1"
news,"""대창솔루션"" 수주",수백조 블루오션 열린다... 원전 해체 시장 개막에 관련주 불기둥,"한국거래소에 따르면 이날 오후 3시 19분 현재 대창솔루션은 8.01% 상승한 2,010원에 거래 중이다. 원전 폐기물 저장 용기용 주강품 국산화 성과와 수주 확대 가시성이 주가를 밀어 올린다. 원전 해체 공정용 특수 로봇 및...",https://www.pinpointnews.co.kr/news/articleView.html?idxno=459732,"Fri, 12 Jun 2026 15:34:00 +0900",ok,2026-06-16 12:25:18 KST,pinpointnews,2026-06-12,20,"fresh_3d,fundamental_bonus:1"
news,"""대창솔루션"" 수주",AI 전력 수요 폭증에 원전주 부각…태광 한미글로벌 삼미금속 GS건설 대...,"기자재 공급망에서는 비엠티와 대창솔루션, 강원에너지, 성광벤드, 일진파워가 동반 강세를 나타낸다.... 증시 전문가들은 ""원전 산업은 단기 이슈보다 수주와 프로젝트 진행 상황이 기업가치에 직접 영향을 미치는 분야...",https://www.pinpointnews.co.kr/news/articleView.html?idxno=459653,"Fri, 12 Jun 2026 10:58:00 +0900",ok,2026-06-16 12:25:18 KST,pinpointnews,2026-06-12,33,"fresh_14d,fundamental_bonus:2"
news,"""대한해운"" 실적","""30일 뒤 이란 원유 쏟아진다?""··· 해운·석화 '급등', 에너지테마주...","대한해운은 4.44% 상승한 2115원, 팬오션은 2.12% 오른 5300원을 기록했다. 석유화학 업종도 강세를 보였다.... 이들 종목은 실제 실적보다 국제유가와 중동 정세 변화에 민감하게 반응하는 대표적인 에너지 테마주로...",https://www.greenpostkorea.co.kr/news/articleView.html?idxno=306921,"Mon, 15 Jun 2026 16:06:00 +0900",ok,2026-06-16 12:25:19 KST,greenpostkorea,2026-06-15,20,"fresh_3d,fundamental_bonus:1"
news,"""대한해운"" 실적",[데이터 뉴스룸] 운송 업체 50곳 올 초반 매출 10%대 상승에 방긋…HD현...,매출 실적이 좋아졌다. 이와 달리 9곳은 매출이 10% 넘게 떨어진 것으로 조사됐다. 매출 하락으로 울상을 지은 그룹군에는 ▲유성티엔에스(-42.5%) ▲이녹스(-31.9%) ▲대한해운(-31.6%) ▲아시아나항공(-21.8...,https://www.greened.kr/news/articleView.html?idxno=342571,"Mon, 15 Jun 2026 15:19:00 +0900",ok,2026-06-16 12:25:19 KST,greened,2026-06-15,35,"fresh_3d,fundamental_bonus:2"
news,"""대한해운"" 실적","환차손 걱정 덜어낸 증시… 환율하락 테마, 실적 턴어라운드 정조준","아웃바운드 여행 수요 확장의 직접적 수혜주인 모두투어가 매수세를 흡수하고 있으며, 유류비 부담 감소가 실적 개선으로 이어지는 대한해운도 상승 흐름을 타고 있다. 천연가스 수입 단가 하락으로 미수금 회수 속도가...",https://www.pinpointnews.co.kr/news/articleView.html?idxno=460221,"Mon, 15 Jun 2026 14:48:00 +0900",ok,2026-06-16 12:25:19 KST,pinpointnews,2026-06-15,20,"fresh_3d,fundamental_bonus:1"
news,"""대한해운"" 실적","K-조선 LNG선 수주 릴레이…한화엔진, '이중연료 엔진' 앞세워 직접 수혜...","한국가스공사와 SK가스, 삼천리, 지역난방공사는 에너지 수급 안정화 기대를 받고 있으며 대한해운과... 전반에 대한 기대가 반영되고 있다는 의미다. 증권가에서는 LNG 관련 기업들의 실적 가시성이 높아지고 있다고...",https://www.pinpointnews.co.kr/news/articleView.html?idxno=460177,"Mon, 15 Jun 2026 13:26:00 +0900",ok,2026-06-16 12:25:19 KST,pinpointnews,2026-06-15,35,"fresh_3d,fundamental_bonus:2"
news,"""대한해운"" 실적",흥아해운 주가 방긋... 운임 변동 민감도에 매수세 후끈,대한해운은 벌크선과 에너지 운송 사업 비중이 높은 기업으로 장기 운송계약 비중이 높아 상대적으로 안정적인 수익구조를 보유하고 있다. 단기 시황 변화보다 중장기 실적 안정성에 초점을 맞추는 투자자들의 관심이...,https://www.pinpointnews.co.kr/news/articleView.html?idxno=459264,"Thu, 11 Jun 2026 09:10:00 +0900",ok,2026-06-16 12:25:19 KST,pinpointnews,2026-06-11,48,"fresh_14d,fundamental_bonus:3"
news,"""대한해운"" 005880","[서울데이터랩]코스피 거래상위 종목 혼조…미래에셋생명 상한가, 삼성...",해운주에서는 흥아해운이 강보합을 나타낸 반면 대한해운(005880)은 0.99% 내렸다. 전반적으로 장중 거래상위 종목군은 일부 급등주와 대형주 중심의 거래대금 쏠림이 동시에 나타나며 혼조세를 보이고...,https://n.news.naver.com/mnews/article/081/0003651605?sid=101,"Thu, 11 Jun 2026 13:12:00 +0900",ok,2026-06-16 12:25:20 KST,naver,2026-06-11,-2,"fresh_14d,low_value_price_words:1"
news,"""대한해운"" 005880",외국인 'SK네트웍스·케이뱅크' vs 기관 '삼전·이수페타시스',"순매도 상위는 흥아해운, 빛과전자, 파미셀, 신원(009270), 대한해운(005880) 순으로 집계됐다. 기관은 삼성전자와 SK리츠, 롯데리츠에 대한 매수 기조를 이어갔으며, 이수페타시스(007660)와 하나마이크론이 순매수...",https://www.newstnt.com/news/articleView.html?idxno=706013,"Thu, 11 Jun 2026 11:40:00 +0900",ok,2026-06-16 12:25:20 KST,newstnt,2026-06-11,3,fresh_14d
news,"""대한해운"" 005880","SM그룹 대한해운·KLCSM, 협력사에 산재 예방 안전보건교육 실시",SM그룹의 해운부문 계열사 대한해운(005880)과 KLCSM은 5일 부산 중구 본사에서 산업재해 예방을 위한 2026년도 상반기 협력사 안전보건교육을 실시했다고 9일 밝혔다. 대한해운과 KLCSM은 안전보건 관련 주요 정보 공유와...,https://n.news.naver.com/mnews/article/011/0004629066?sid=101,"Tue, 09 Jun 2026 09:10:00 +0900",ok,2026-06-16 12:25:20 KST,naver,2026-06-09,3,fresh_14d
news,"""대한해운"" 005880",[서울데이터랩]코스피 거래상위 종목 강세 우위…LG헬로비전·LG전자·두...,"대한해운(005880)은 4.67% 하락한 2145원, 대원전선(006340)은 2.18% 내린 1만 1680원, 흥아해운(003280)은 0.48% 밀린 2090원에 거래됐다. 업종과 종목별로 수급 차별화가 뚜렷한 장세로 풀이된다. 거래대금...",https://n.news.naver.com/mnews/article/081/0003648566?sid=101,"Mon, 01 Jun 2026 13:13:00 +0900",ok,2026-06-16 12:25:20 KST,naver,2026-06-01,-7,"fresh_14d,low_value_price_words:2"
news,"""대한해운"" 005880",[서울데이터랩]반도체 대형주 급등 속 거래대금 집중…SK네트웍스·삼화...,"SK증권(001510)은 6.77%, 대원전선(006340)은 6.51%, 대한해운(005880)은 5.98%, 대한전선(001440)은 5.63%, 흥아해운(003280)은 5.25% 각각 밀렸다. 시가총액 상위 대형주가 강세를 보이는 가운데 일부 건설, 운송...",https://n.news.naver.com/mnews/article/081/0003647311?sid=101,"Wed, 27 May 2026 14:26:00 +0900",ok,2026-06-16 12:25:20 KST,naver,2026-05-27,-4,"fresh_45d,low_value_price_words:1"
news,"""대한해운"" 공시","AI·방산, 대한민국 500대 기업 지형 바꿨다","전자공시시스템, 금융통계정보시스템, 공공기관 및 지방공공기관 경영정보공개시스템에 재무정보를... 호반건설, 푸본현대생명보험, 대한해운 등이 탈락했으며, 에스케이엔무브·에이치디현대미포...",http://www.globalepic.co.kr/view.php?ud=20260609143615976648439a4874_29,"Tue, 09 Jun 2026 14:42:00 +0900",ok,2026-06-16 12:25:21 KST,globalepic,2026-06-09,18,"fresh_14d,fundamental_bonus:1"
news,"""대한해운"" 공시",[그래픽 뉴스] 매출 500대 기업 외,"전자공시시스템 등에 재무 정보를 공개한 국내 기업을 대상으로 2025년 매출 500대 기업을 선정했다. 이에... 호반건설, 대한해운, 신세계푸드, 서희건설, 진에어, 유진기업 등은 500대 기업에서 제외됐다. 부동산...",https://www.yonhapmidas.com/news/articleView.html?idxno=10367,"Thu, 04 Jun 2026 16:02:00 +0900",ok,2026-06-16 12:25:21 KST,yonhapmidas,2026-06-04,33,"fresh_14d,fundamental_bonus:2"
news,"""대한해운"" 공시",우방의 이상한 자금조달…유일한 통로 계열사 주식 담보,앞서 우방은 지난달 22일 '특수관계인으로부터 유가증권 차입' 공시을 통해 에스엠상선으로부터 대한해운 보통주 5800만주를 빌렸다고 밝히기도 했다. 거래 전일(5월 19일) 종가 2500원을 적용하면 1450억원어치다. 빌린...,http://www.wikileaks-kr.org/news/articleView.html?idxno=188163,"Thu, 04 Jun 2026 15:34:00 +0900",ok,2026-06-16 12:25:21 KST,wikileaks-kr,2026-06-04,18,"fresh_14d,fundamental_bonus:1"
news,"""대한해운"" 공시",창간특집 기획취재/ 중동전쟁에 희비 엇갈려…해운물류 울고 조선 웃어,"해운 부문 전체 실적이라 할 수 있는 대한해운 연결 실적은 매출액 2778억원, 영업이익 744억원... 현대글로비스, 中 비계열 물량에 1분기 최대실적 분기별 실적을 공시하는 주요 2자물류기업 3개사는 올해 1분기...",https://www.ksg.co.kr/news/main_newsView.jsp?pNum=147310,"Tue, 02 Jun 2026 09:00:00 +0900",ok,2026-06-16 12:25:21 KST,ksg,2026-06-02,48,"fresh_14d,fundamental_bonus:3"
news,"""대한해운"" 공시","금융권, 중동전쟁 피해 해운업 지원… 전쟁보험 공동인수","간담회에는 금융위원회와 HMM, 장금상선, 대한해운, KSS해운, 현대LNG해운, 우현쉬핑, 우신선박, 해운협회... 캠코는 해운업 특화 ESG 경영진단 컨설팅 사업을 활성화하고, 해운사가 지속가능경영보고서 작성과 ESG 공시에...",https://www.insnews.co.kr/news/articleView.html?idxno=90944,"Thu, 21 May 2026 18:04:00 +0900",ok,2026-06-16 12:25:21 KST,insnews,2026-05-21,31,"fresh_45d,fundamental_bonus:2"
news,"""대한해운"" 수주","K-조선 LNG선 수주 릴레이…한화엔진, '이중연료 엔진' 앞세워 직접 수혜...","조선업계의 LNG선 수주 증가가 이어질 경우 직접적인 수혜가 가능하다는 평가가 나온다. 국제해사기구(IMO)... 한국가스공사와 SK가스, 삼천리, 지역난방공사는 에너지 수급 안정화 기대를 받고 있으며 대한해운과...",https://www.pinpointnews.co.kr/news/articleView.html?idxno=460177,"Mon, 15 Jun 2026 13:26:00 +0900",ok,2026-06-16 12:25:22 KST,pinpointnews,2026-06-15,20,"fresh_3d,fundamental_bonus:1"
news,"""대한해운"" 수주","케일럼, LNG 기자재 공급망 합류 기대감… 독보적 기술로 중소형 엔진 시...",해상풍력과 LNG 인프라가 동시에 맞물리며 수주 포트폴리오 다변화 기대가 반영되고 있다. HD현대중공업은... 대한해운과 팬오션은 LNG 운송 물동량 기대에도 불구하고 해운 운임 변동성 영향으로 약세 흐름이 나타난다....,https://www.pinpointnews.co.kr/news/articleView.html?idxno=459020,"Wed, 10 Jun 2026 13:16:00 +0900",ok,2026-06-16 12:25:22 KST,pinpointnews,2026-06-10,33,"fresh_14d,fundamental_bonus:2"
news,"""대한해운"" 수주","조선·해운업계, 수주 호황 속 안전·친환경 경쟁력 강화",대한조선은 산학협력을 통해 지역 인재 양성과 조선산업 경쟁력 제고에도 기여할 계획이다. 조선·해운업계의 최근 흐름은 단순한 발주 회복을 넘어선다. 글로벌 선박 수주가 늘고 선가가 상승하는 가운데...,http://www.popcornnews.net/news/articleView.html?idxno=123377,"Tue, 09 Jun 2026 14:40:00 +0900",ok,2026-06-16 12:25:22 KST,popcornnews,2026-06-09,18,"fresh_14d,fundamental_bonus:1"
news,"""대한해운"" 수주",[그래픽 뉴스] 매출 500대 기업 외,"한화(74조7천854억원)도 대규모 방산 수주로 3계단 올라선 7위를 차지했다. SK엔텀·SK엔무브와 합병하며... 호반건설, 대한해운, 신세계푸드, 서희건설, 진에어, 유진기업 등은 500대 기업에서 제외됐다. 부동산...",https://www.yonhapmidas.com/news/articleView.html?idxno=10367,"Thu, 04 Jun 2026 16:02:00 +0900",ok,2026-06-16 12:25:22 KST,yonhapmidas,2026-06-04,48,"fresh_14d,fundamental_bonus:3"
news,"""대한해운"" 수주",LNG 투자 확대 기대감…한텍·엔케이 한국카본 일승 비에이치아이 주가...,"삼천리와 대한해운은 약세를 나타내고 있으며, HD한국조선해양과 한화엔진 역시 최근 상승에 따른 부담이... 다만 시장에서는 단기 주가 조정보다는 수주와 실적 흐름에 더 주목하는 분위기다. LNG 산업이 단순한...",https://www.pinpointnews.co.kr/news/articleView.html?idxno=457569,"Thu, 04 Jun 2026 14:58:00 +0900",ok,2026-06-16 12:25:22 KST,pinpointnews,2026-06-04,48,"fresh_14d,fundamental_bonus:3"
news,"""에코플라스틱"" 실적","석유 나프타 규제 시동… 진영, '脫 플라스틱' 정책 최대 수혜주 부각",삼륭물산과 에코플라스틱도 강세를 이어가고 있다. 삼륭물산은 친환경 포장재 사업 경쟁력이 부각되고... 탈플라스틱 산업은 장기 성장성이 높은 분야로 평가받지만 실제 실적과 수익성 개선이 동반되는 기업을 선별하는...,https://www.pinpointnews.co.kr/news/articleView.html?idxno=459275,"Thu, 11 Jun 2026 09:20:00 +0900",ok,2026-06-16 12:25:23 KST,pinpointnews,2026-06-11,18,"fresh_14d,fundamental_bonus:1"
news,"""에코플라스틱"" 실적","에이엔피, 자동차 전장화 열풍 타고 PCB·부품 경쟁력 재부각","시장에서는 완성차 실적 기대감은 유지되고 있으나 단기 급등 종목 중심으로 과열 부담이 커졌다는 분석이... 에스엠벡셀과 인화정공, 티에이치엔, 에코플라스틱, 풍강도 투자심리가 위축된 상태다. 성창오토텍과...",https://www.pinpointnews.co.kr/news/articleView.html?idxno=456191,"Fri, 29 May 2026 10:08:00 +0900",ok,2026-06-16 12:25:23 KST,pinpointnews,2026-05-29,31,"fresh_45d,fundamental_bonus:2"
news,"""에코플라스틱"" 실적","AI 데이터센터發 전력 대란 해결사…신성에스티, ESS 장비 수혜주로 우...","나노팀과 네오티스, 아모그린텍, 에코플라스틱은 실적 불확실성과 밸류에이션 부담이 동시에 반영되며 약세를 나타내고 있다. 모티브링크와 SNT모티브, 삼화전기 역시 기관 차익실현 압력이 이어지는 모습이다. LG전자는...",https://www.pinpointnews.co.kr/news/articleView.html?idxno=455873,"Thu, 28 May 2026 10:18:00 +0900",ok,2026-06-16 12:25:23 KST,pinpointnews,2026-05-28,16,"fresh_45d,fundamental_bonus:1"
news,"""에코플라스틱"" 실적","전기차 캐즘 뚫은 핵심 기술력…현대모비스, 글로벌 완성차 러브콜 집중","에코플라스틱, 엠에스오토텍, 삼기, 일지테크, 평화산업 등 중소형 부품주는 변동성이 확대되며 개별 수급에 따라 방향성이 엇갈리고 있다. 일부 기업은 전기차 부품 확대 기대에도 불구하고 실적 부담이 동시에 작용하며...",https://www.pinpointnews.co.kr/news/articleView.html?idxno=455655,"Wed, 27 May 2026 14:38:00 +0900",ok,2026-06-16 12:25:23 KST,pinpointnews,2026-05-27,16,"fresh_45d,fundamental_bonus:1"
news,"""에코플라스틱"" 실적",한주라이트메탈 주가 더 내달린다… 전기차 경량화·알루미늄 부품 공급...,"중심으로 실적 개선 가능성이 커지고 있다는 평가가 이어진다. 가장 강한 움직임은 한주라이트메탈에서... 세방전지, 에코플라스틱 등도 대규모 매수세가 몰리면서 시장 관심을 받고 있다. 아울러 SG&G, 두올, 디에스엠...",https://www.pinpointnews.co.kr/news/articleView.html?idxno=455236,"Tue, 26 May 2026 09:40:00 +0900",ok,2026-06-16 12:25:23 KST,pinpointnews,2026-05-26,31,"fresh_45d,fundamental_bonus:2"
news,"""에코플라스틱"" 038110","""매점매석은 망하는 길"" 이재명 대통령 경고에 '나프타 관련주' 주목 [뉴...","공급하는 ▲에코플라스틱(038110), 썩는 플라스틱인 PBAT(생분해성 폴리에스터)를 만드는 ▲SKC(011790) 등도 '나프타 관련주'로 나뉜다. 한편, 금융위원회와 KDB산업은행 등은 전날 채권금융기관 자율협의회를 열고...",http://www.newswell.co.kr/news/articleView.html?idxno=18565,"Fri, 08 May 2026 16:18:00 +0900",ok,2026-06-16 12:25:24 KST,newswell,2026-05-08,16,"fresh_45d,fundamental_bonus:1"
news,"""에코플라스틱"" 038110","에코플라스틱, 자회사 ECOPLASTIC AMERICA 채무보증 결정",자동차 부품 기업 에코플라스틱(038110)이 4월 30일 공시를 통해 자회사 ECOPLASTIC AMERICA Corp.에 대한 채무보증을 결정했다고 밝혔다. 이번 채무보증은 현대자동차의 조지아 전기차 공장 범퍼 수주에 따른...,https://www.digitaltoday.co.kr/news/articleView.html?idxno=661945,"Thu, 30 Apr 2026 17:36:00 +0900",ok,2026-06-16 12:25:24 KST,digitaltoday,2026-04-30,35,"old_45d_plus,fundamental_bonus:3"
news,"""에코플라스틱"" 038110",기업 공시 [4월 30일],실권주 일반공모 유상증자 결정 ▲에코플라스틱(038110)=미국법인에 295억 규모 채무보증 결정 ▲카카오게임즈(293490)=1분기 매출액 829억 2600만 원(전년 대비 -32.50%)·영업손실 254억 6000만 원(-104.65%),https://n.news.naver.com/mnews/article/011/0004616477?sid=101,"Thu, 30 Apr 2026 17:02:00 +0900",ok,2026-06-16 12:25:24 KST,naver,2026-04-30,35,"old_45d_plus,fundamental_bonus:3"
news,"""에코플라스틱"" 038110","에코플라스틱, 미국법인에 295억 규모 채무보증 결정",에코플라스틱(038110)은 미국법인인 에코플라스틱 아메리카에 대해 295억원 규모의 채무보증을 결정했다고 30일 공시했다. 채무보증금액은 자기자본대비 8.2%에 해당하는 규모다. 채무보증기간은 오는 5월 10일부터...,https://n.news.naver.com/mnews/article/018/0006270230?sid=101,"Thu, 30 Apr 2026 16:32:00 +0900",ok,2026-06-16 12:25:24 KST,naver,2026-04-30,5,"old_45d_plus,fundamental_bonus:1"
news,"""에코플라스틱"" 038110",[서울데이터랩]금일 코스닥 거래량 1위 빛과전자 거래대금 2212억 돌파,에코플라스틱(038110)은 4055원으로 3.58% 상승했고 거래량은 2981만 937주를 보이고 있다. 우리로(046970)는 1만 1890원으로 19.02% 상승했으며 2812만 3401주의 거래량을 기록 중이다. 카티스(140430)는 1241원으로...,https://n.news.naver.com/mnews/article/081/0003635142?sid=101,"Tue, 14 Apr 2026 13:07:00 +0900",ok,2026-06-16 12:25:24 KST,naver,2026-04-14,-15,"old_45d_plus,low_value_price_words:1"
news,"""에코플라스틱"" 공시","에코플라스틱, 자회사 ECOPLASTIC AMERICA 채무보증 결정",자동차 부품 기업 에코플라스틱(038110)이 4월 30일 공시를 통해 자회사 ECOPLASTIC AMERICA Corp.에 대한 채무보증을 결정했다고 밝혔다. 이번 채무보증은 현대자동차의 조지아 전기차 공장 범퍼 수주에 따른...,https://www.digitaltoday.co.kr/news/articleView.html?idxno=661945,"Thu, 30 Apr 2026 17:36:00 +0900",ok,2026-06-16 12:25:25 KST,digitaltoday,2026-04-30,35,"old_45d_plus,fundamental_bonus:3"
news,"""에코플라스틱"" 공시",기업 공시 [4월 30일],실권주 일반공모 유상증자 결정 ▲에코플라스틱(038110)=미국법인에 295억 규모 채무보증 결정 ▲카카오게임즈(293490)=1분기 매출액 829억 2600만 원(전년 대비 -32.50%)·영업손실 254억 6000만 원(-104.65%),https://n.news.naver.com/mnews/article/011/0004616477?sid=101,"Thu, 30 Apr 2026 17:02:00 +0900",ok,2026-06-16 12:25:25 KST,naver,2026-04-30,35,"old_45d_plus,fundamental_bonus:3"
news,"""에코플라스틱"" 공시","에코플라스틱, 미국법인에 295억 규모 채무보증 결정",에코플라스틱(038110)은 미국법인인 에코플라스틱 아메리카에 대해 295억원 규모의 채무보증을 결정했다고 30일 공시했다. 채무보증금액은 자기자본대비 8.2%에 해당하는 규모다. 채무보증기간은 오는 5월 10일부터...,https://n.news.naver.com/mnews/article/018/0006270230?sid=101,"Thu, 30 Apr 2026 16:32:00 +0900",ok,2026-06-16 12:25:25 KST,naver,2026-04-30,5,"old_45d_plus,fundamental_bonus:1"
news,"""에코플라스틱"" 공시",[주식마감] 트럼프 '휴전 연장' 선언에 중동 재건 기대감↑… 대원전선...,"변경됐다고 공시했다. 공시에 따르면 새로운 최대주주인 SUN YANE은 자기자금 30억5900만원을 투입해... 덕산하이메탈, 에코플라스틱, 노브랜드다. 이날 코스피는 전장보다 57.88포인트(0.90%) 오른 6,475.81에 장을...",https://www.ggilbo.com/news/articleView.html?idxno=1154680,"Thu, 23 Apr 2026 19:40:00 +0900",ok,2026-06-16 12:25:25 KST,ggilbo,2026-04-23,35,"old_45d_plus,fundamental_bonus:3"
news,"""에코플라스틱"" 공시",[주식마감] '스페이스X' 상장 기대에 미래에셋벤투·아주IB 상한가... '광...,"최근 파이낸셜타임스(FT) 보도에 따르면 스페이스X는 미국 증권거래위원회(SEC)에 '비공개 공시(initial... 세림B&G, 에코플라스틱, 아주IB투자, 파워넷, 카티스, 위지트, 한국첨단소재, 애머릿지, 대신정보통신...",https://www.ggilbo.com/news/articleView.html?idxno=1152732,"Tue, 14 Apr 2026 19:40:00 +0900",ok,2026-06-16 12:25:25 KST,ggilbo,2026-04-14,35,"old_45d_plus,fundamental_bonus:3"
news,"""에코플라스틱"" 수주","에이엔피, 자동차 전장화 열풍 타고 PCB·부품 경쟁력 재부각","에스엠벡셀과 인화정공, 티에이치엔, 에코플라스틱, 풍강도 투자심리가 위축된 상태다. 성창오토텍과... 대형 전장주 중심의 수급 쏠림 현상이 심화되면서 중소형 부품주는 실적과 신규 수주 여부에 따라 주가 차별화가...",https://www.pinpointnews.co.kr/news/articleView.html?idxno=456191,"Fri, 29 May 2026 10:08:00 +0900",ok,2026-06-16 12:25:26 KST,pinpointnews,2026-05-29,46,"fresh_45d,fundamental_bonus:3"
news,"""에코플라스틱"" 수주","전기차 캐즘 뚫은 핵심 기술력…현대모비스, 글로벌 완성차 러브콜 집중","미국·유럽의 재고 조정이 마무리 국면에 진입했다는 관측과 함께 국내 부품업체들의 수주 모멘텀이... 에코플라스틱, 엠에스오토텍, 삼기, 일지테크, 평화산업 등 중소형 부품주는 변동성이 확대되며 개별 수급에 따라...",https://www.pinpointnews.co.kr/news/articleView.html?idxno=455655,"Wed, 27 May 2026 14:38:00 +0900",ok,2026-06-16 12:25:26 KST,pinpointnews,2026-05-27,16,"fresh_45d,fundamental_bonus:1"
news,"""에코플라스틱"" 수주",한주라이트메탈 주가 더 내달린다… 전기차 경량화·알루미늄 부품 공급...,"세방전지, 에코플라스틱 등도 대규모 매수세가 몰리면서 시장 관심을 받고 있다. 아울러 SG&G, 두올, 디에스엠... 실제 수주 증가와 해외 생산 확대 여부를 함께 확인하는 선별적 접근이 중요하다고 말했다.",https://www.pinpointnews.co.kr/news/articleView.html?idxno=455236,"Tue, 26 May 2026 09:40:00 +0900",ok,2026-06-16 12:25:26 KST,pinpointnews,2026-05-26,46,"fresh_45d,fundamental_bonus:3"
news,"""에코플라스틱"" 수주","현대차·기아도 반한 모터 기술력… 계양전기, 글로벌 영토 넓힌다","글로벌 수주 증가 기대를 반영하며 상승세를 보이고 있다. 특히 전기차 전환 과정에서 차량당 전장부품 탑재... 일진하이솔루스, 삼기에너지솔루션즈, 삼기, 알멕, 에코플라스틱, HDC현대EP, 유니온머티리얼, GH신소재 등은...",https://www.pinpointnews.co.kr/news/articleView.html?idxno=454322,"Thu, 21 May 2026 09:32:00 +0900",ok,2026-06-16 12:25:26 KST,pinpointnews,2026-05-21,16,"fresh_45d,fundamental_bonus:1"
news,"""에코플라스틱"" 수주",외국인 매도 폭탄 맞은 車부품주…그래도 살아남는 종목은 SJG세종 화신...,"다만 일부 종목은 개별 수주 기대감과 실적 개선 전망에 힘입어 상승 흐름을 나타내며 종목별 차별화 장세가... DYP, 에코플라스틱, SNT다이내믹스, 한국큐빅, GH신소재, 지엠비코리아, SJM, 오토앤 등도 매물이 쏟아지면서...",https://www.pinpointnews.co.kr/news/articleView.html?idxno=453370,"Mon, 18 May 2026 09:50:00 +0900",ok,2026-06-16 12:25:26 KST,pinpointnews,2026-05-18,31,"fresh_45d,fundamental_bonus:2"
