source_file,status,stock_name,stock_code,quantity,avg_price,current_price,current_price_source,unrealized_pnl_pct,target_price,stop_loss,decision,memo,checked_at
holdings_manual_input.csv,보유중,금호타이어,073240,25.0,4865.0,5090.0,naver_stock_no_today,4.62,,,HOLD,보유 유지. 뉴스·거래량·추천 재등장 여부 확인.,2026-06-17 00:03:02 KST
holdings_manual_input.csv,보유중,대창솔루션,096350,60.0,2800.0,2035.0,naver_stock_no_today,-27.32,,,STOP_WATCH,"습관형 손절권. 물타기 금지, 손실 확대 방지 우선.",2026-06-17 00:03:04 KST
holdings_manual_input.csv,보유중,대한해운,005880,41.0,2519.0,2125.0,naver_stock_no_today,-15.64,,,STOP_WATCH,"습관형 손절권. 물타기 금지, 손실 확대 방지 우선.",2026-06-17 00:03:05 KST
holdings_manual_input.csv,보유중,에코플라스틱,038110,51.0,3750.0,2360.0,naver_stock_no_today,-37.07,,,STOP_WATCH,"습관형 손절권. 물타기 금지, 손실 확대 방지 우선.",2026-06-17 00:03:07 KST
holdings_manual_input.csv,보유중,태림포장,011280,40.0,2100.0,2085.0,naver_stock_no_today,-0.71,,,HOLD,보유 유지. 뉴스·거래량·추천 재등장 여부 확인.,2026-06-17 00:03:09 KST
holdings_manual_input.csv,보유중,태웅,044490,7.0,36407.0,41850.0,naver_stock_no_today,14.95,,,TAKE_PROFIT_1,습관형 1차 익절권. 일부 익절 후 잔량 관리 검토.,2026-06-17 00:03:10 KST
holdings_manual_input.csv,보유중,HANARO K휴머노이드테마TOP10,0155N0,4.0,11000.0,10635.0,naver_stock_no_today,-3.32,,,HOLD,보유 유지. 뉴스·거래량·추천 재등장 여부 확인.,2026-06-17 00:03:12 KST
holdings_manual_input.csv,보유중,TIGER K방산&우주,463250,4.0,44500.0,45645.0,naver_stock_no_today,2.57,,,HOLD,보유 유지. 뉴스·거래량·추천 재등장 여부 확인.,2026-06-17 00:03:13 KST
holdings_manual_input.csv,보유중,컴퍼니케이,307930,3.0,9150.0,7220.0,naver_stock_no_today,-21.09,,,STOP_WATCH,"습관형 손절권. 물타기 금지, 손실 확대 방지 우선.",2026-06-17 00:03:14 KST
